{
    "24": [
        0.167576, 
        0.077, 
        0.103, 
        "GNIMPPGTYKF", 
        "3osv", 
        4
    ], 
    "25": [
        0.1652, 
        0.152, 
        0.098, 
        "KGWFPKSYVKL", 
        "4iim", 
        6
    ], 
    "26": [
        0.221428, 
        0.06, 
        0.097, 
        "FQEKVTCKNGQ", 
        "2e0l", 
        8
    ], 
    "27": [
        0.160773, 
        0.186, 
        0.096, 
        "LQGAAQGEEVS", 
        "3rzp", 
        5
    ], 
    "20": [
        0.118419, 
        0.125, 
        0.105, 
        "KIVKRVGNGEE", 
        "3o5g", 
        8
    ], 
    "21": [
        0.10954, 
        0.126, 
        0.105, 
        "KIVKRVGNGEE", 
        "3o5o", 
        9
    ], 
    "22": [
        0.173845, 
        0.106, 
        0.105, 
        "TISINEGLPSG", 
        "1sh2", 
        6
    ], 
    "23": [
        0.10976, 
        0.218, 
        0.104, 
        "TEVENGGSLGS", 
        "1pkm", 
        6
    ], 
    "28": [
        0.166927, 
        0.091, 
        0.096, 
        "ITSTPESDMKR", 
        "3h80", 
        6
    ], 
    "29": [
        0.14037, 
        0.093, 
        0.096, 
        "ITSTPESDMKR", 
        "3q5k", 
        7
    ], 
    "4": [
        0.126466, 
        0.085, 
        0.133, 
        "KVIKREGTGTE", 
        "4drj", 
        8
    ], 
    "8": [
        0.08333883, 
        0.064, 
        0.121, 
        "IDVILGGGRKY", 
        "2glq", 
        5
    ], 
    "59": [
        0.115379, 
        0.187, 
        0.079, 
        "IQPDLDKYVLC", 
        "3i0q", 
        4
    ], 
    "58": [
        0.232685, 
        0.118, 
        0.079, 
        "SIGPWGGSGGD", 
        "1zgr", 
        7
    ], 
    "55": [
        0.162672, 
        0.169, 
        0.081, 
        "GQESEGSYDFG", 
        "3c3y", 
        5
    ], 
    "54": [
        0.17189, 
        0.131, 
        0.081, 
        "EVLGVEERAGY", 
        "1e7y", 
        6
    ], 
    "57": [
        0.227006, 
        0.078, 
        0.08, 
        "SIGPWGGSGGD", 
        "1zgs", 
        7
    ], 
    "56": [
        0.178061, 
        0.12, 
        0.081, 
        "SAICPTGVITI", 
        "3u1v", 
        5
    ], 
    "51": [
        0.236933, 
        0.122, 
        0.082, 
        "GKIAEIGKINT", 
        "3dug", 
        10
    ], 
    "50": [
        0.173674, 
        0.135, 
        0.083, 
        "ITRLSSGPFRT", 
        "3swr", 
        7
    ], 
    "53": [
        0.152001, 
        0.196, 
        0.082, 
        "GDNIFYGHDLP", 
        "1h5t", 
        6
    ], 
    "52": [
        0.178797, 
        0.134, 
        0.082, 
        "GNRMAAGKYGI", 
        "3c12", 
        4
    ], 
    "88": [
        0.199653, 
        0.08, 
        0.072, 
        "LGLFPANYVAP", 
        "1oeb", 
        6
    ], 
    "89": [
        0.207848, 
        0.095, 
        0.072, 
        "DDKLIEDFPGT", 
        "4epp", 
        9
    ], 
    "82": [
        0.156926, 
        0.092, 
        0.073, 
        "VTSTPDCDLKR", 
        "3o6o", 
        6
    ], 
    "83": [
        0.263094, 
        0.135, 
        0.073, 
        "VLSSKLDSKER", 
        "3l9z", 
        9
    ], 
    "80": [
        0.266613, 
        0.065, 
        0.074, 
        "GERGIDLSSAN", 
        "1ncq", 
        10
    ], 
    "81": [
        0.103459, 
        0.262, 
        0.073, 
        "TASLLESNQEN", 
        "2jhd", 
        19
    ], 
    "86": [
        0.242576, 
        0.147, 
        0.072, 
        "ENLKIDDIQNM", 
        "2wxu", 
        4
    ], 
    "87": [
        0.165738, 
        0.147, 
        0.072, 
        "VTSTPDCDLKR", 
        "3omu", 
        6
    ], 
    "84": [
        0.272528, 
        0.111, 
        0.073, 
        "RFAYASTSKAI", 
        "1ome", 
        5
    ], 
    "85": [
        0.172544, 
        0.163, 
        0.072, 
        "GGFSLKDVVKV", 
        "2b33", 
        14
    ], 
    "3": [
        0.227336, 
        0.064, 
        0.134, 
        "HNFVNEGVTKV", 
        "4dsd", 
        4
    ], 
    "7": [
        0.09635838, 
        0.101, 
        0.122, 
        "FRGRLIGYDIH", 
        "1h64", 
        4
    ], 
    "100": [
        0.274046, 
        0.162, 
        0.07, 
        "IELYRYPEKWI", 
        "1sr8", 
        5
    ], 
    "39": [
        0.249635, 
        0.106, 
        0.09, 
        "TTIKPRKIEKI", 
        "1y44", 
        5
    ], 
    "38": [
        0.225218, 
        0.21, 
        0.092, 
        "NGTKVATKDQV", 
        "2vzt", 
        3
    ], 
    "33": [
        0.236752, 
        0.184, 
        0.094, 
        "KNTKYSDIKNM", 
        "1olp", 
        6
    ], 
    "32": [
        0.196615, 
        0.143, 
        0.095, 
        "RGDFPGTYVEF", 
        "3o5z", 
        6
    ], 
    "31": [
        0.09322607, 
        0.131, 
        0.096, 
        "FSGVLRGFDEY", 
        "3pgg", 
        4
    ], 
    "30": [
        0.187991, 
        0.078, 
        0.096, 
        "VGLFPSNYVKL", 
        "3jv3", 
        6
    ], 
    "37": [
        0.216999, 
        0.119, 
        0.093, 
        "DEPLVLSNATI", 
        "3qhq", 
        5
    ], 
    "36": [
        0.215954, 
        0.072, 
        0.093, 
        "TRRTVIDVAKG", 
        "1r8a", 
        5
    ], 
    "35": [
        0.153434, 
        0.035, 
        0.093, 
        "RGTILAGKVAL", 
        "3ad9", 
        5
    ], 
    "34": [
        0.174966, 
        0.072, 
        0.093, 
        "MGDLLIDDKDN", 
        "2jar", 
        8
    ], 
    "60": [
        0.204124, 
        0.122, 
        0.079, 
        "IEVWCPDPSKN", 
        "4fmj", 
        5
    ], 
    "61": [
        0.05639573, 
        0.095, 
        0.079, 
        "GELKKIWDDNS", 
        "1wra", 
        13
    ], 
    "62": [
        0.243265, 
        0.203, 
        0.079, 
        "SVGPWGGSGGN", 
        "1zgs", 
        6
    ], 
    "63": [
        0.126184, 
        0.089, 
        0.079, 
        "GKKMAGHYGAE", 
        "3oh7", 
        5
    ], 
    "64": [
        0.0991563, 
        0.141, 
        0.078, 
        "LLGRVKAFDRH", 
        "3s6n", 
        5
    ], 
    "65": [
        0.107139, 
        0.112, 
        0.078, 
        "GSKMMNGIGGS", 
        "4euc", 
        5
    ], 
    "66": [
        0.213671, 
        0.114, 
        0.078, 
        "GQKVPVGDPGR", 
        "1jlw", 
        14
    ], 
    "67": [
        0.241208, 
        0.129, 
        0.077, 
        "GQKVPVGDPGR", 
        "3g7i", 
        14
    ], 
    "68": [
        0.108539, 
        0.127, 
        0.077, 
        "VGRKIASVEGF", 
        "2bh5", 
        9
    ], 
    "69": [
        0.100932, 
        0.148, 
        0.077, 
        "PDNEVAQISDY", 
        "3m3r", 
        3
    ], 
    "2": [
        0.189163, 
        0.075, 
        0.137, 
        "KSDLVRGENDY", 
        "1uww", 
        6
    ], 
    "6": [
        0.118989, 
        0.114, 
        0.125, 
        "HSINISGFKSN", 
        "4dfu", 
        5
    ], 
    "99": [
        0.15914, 
        0.173, 
        0.07, 
        "GIEVLKDDKGT", 
        "1ksu", 
        8
    ], 
    "98": [
        0.200553, 
        0.097, 
        0.07, 
        "EGIIPANYVQK", 
        "1k9a", 
        6
    ], 
    "91": [
        0.196538, 
        0.102, 
        0.071, 
        "LAQRPKFTEKG", 
        "1dwo", 
        5
    ], 
    "90": [
        0.171572, 
        0.155, 
        0.072, 
        "HYFVRGGMPSG", 
        "3ddk", 
        5
    ], 
    "93": [
        0.157405, 
        0.126, 
        0.071, 
        "TGYIPSNYVAP", 
        "1fmk", 
        6
    ], 
    "92": [
        0.173618, 
        0.117, 
        0.071, 
        "EGYIPSNYVAR", 
        "3rea", 
        7
    ], 
    "95": [
        0.255582, 
        0.049, 
        0.071, 
        "DSLKQPSASGW", 
        "3cmg", 
        4
    ], 
    "94": [
        0.159693, 
        0.1, 
        0.071, 
        "EGIFPANYVEL", 
        "1oot", 
        7
    ],