{
    "24": [
        0.220601, 
        0.077, 
        0.103, 
        "GNIMPPGTYKF", 
        "3osv", 
        1
    ], 
    "25": [
        0.209205, 
        0.152, 
        0.098, 
        "KGWFPKSYVKL", 
        "4iim", 
        1
    ], 
    "26": [
        0.282448, 
        0.06, 
        0.097, 
        "FQEKVTCKNGQ", 
        "2e0l", 
        2
    ], 
    "27": [
        0.205778, 
        0.186, 
        0.096, 
        "LQGAAQGEEVS", 
        "3rzp", 
        0
    ], 
    "20": [
        0.147686, 
        0.125, 
        0.105, 
        "KIVKRVGNGEE", 
        "3o5g", 
        1
    ], 
    "21": [
        0.134115, 
        0.126, 
        0.105, 
        "KIVKRVGNGEE", 
        "3o5o", 
        2
    ], 
    "22": [
        0.232493, 
        0.106, 
        0.105, 
        "TISINEGLPSG", 
        "1sh2", 
        2
    ], 
    "23": [
        0.153474, 
        0.218, 
        0.104, 
        "TEVENGGSLGS", 
        "1pkm", 
        1
    ], 
    "28": [
        0.225662, 
        0.091, 
        0.096, 
        "ITSTPESDMKR", 
        "3h80", 
        1
    ], 
    "29": [
        0.185187, 
        0.093, 
        0.096, 
        "ITSTPESDMKR", 
        "3q5k", 
        1
    ], 
    "4": [
        0.158263, 
        0.085, 
        0.133, 
        "KVIKREGTGTE", 
        "4drj", 
        1
    ], 
    "8": [
        0.103473, 
        0.064, 
        0.121, 
        "IDVILGGGRKY", 
        "2glq", 
        2
    ], 
    "59": [
        0.141553, 
        0.187, 
        0.079, 
        "IQPDLDKYVLC", 
        "3i0q", 
        0
    ], 
    "58": [
        0.294833, 
        0.118, 
        0.079, 
        "SIGPWGGSGGD", 
        "1zgr", 
        1
    ], 
    "55": [
        0.210019, 
        0.169, 
        0.081, 
        "GQESEGSYDFG", 
        "3c3y", 
        1
    ], 
    "54": [
        0.216211, 
        0.131, 
        0.081, 
        "EVLGVEERAGY", 
        "1e7y", 
        2
    ], 
    "57": [
        0.289069, 
        0.078, 
        0.08, 
        "SIGPWGGSGGD", 
        "1zgs", 
        1
    ], 
    "56": [
        0.233985, 
        0.12, 
        0.081, 
        "SAICPTGVITI", 
        "3u1v", 
        0
    ], 
    "51": [
        0.283297, 
        0.122, 
        0.082, 
        "GKIAEIGKINT", 
        "3dug", 
        6
    ], 
    "50": [
        0.217244, 
        0.135, 
        0.083, 
        "ITRLSSGPFRT", 
        "3swr", 
        0
    ], 
    "53": [
        0.211572, 
        0.196, 
        0.082, 
        "GDNIFYGHDLP", 
        "1h5t", 
        1
    ], 
    "52": [
        0.231335, 
        0.134, 
        0.082, 
        "GNRMAAGKYGI", 
        "3c12", 
        1
    ], 
    "88": [
        0.250493, 
        0.08, 
        0.072, 
        "LGLFPANYVAP", 
        "1oeb", 
        1
    ], 
    "89": [
        0.266935, 
        0.095, 
        0.072, 
        "DDKLIEDFPGT", 
        "4epp", 
        5
    ], 
    "82": [
        0.199686, 
        0.092, 
        0.073, 
        "VTSTPDCDLKR", 
        "3o6o", 
        1
    ], 
    "83": [
        0.316063, 
        0.135, 
        0.073, 
        "VLSSKLDSKER", 
        "3l9z", 
        4
    ], 
    "80": [
        0.323923, 
        0.065, 
        0.074, 
        "GERGIDLSSAN", 
        "1ncq", 
        4
    ], 
    "81": [
        0.145891, 
        0.262, 
        0.073, 
        "TASLLESNQEN", 
        "2jhd", 
        15
    ], 
    "86": [
        0.302421, 
        0.147, 
        0.072, 
        "ENLKIDDIQNM", 
        "2wxu", 
        1
    ], 
    "87": [
        0.20878, 
        0.147, 
        0.072, 
        "VTSTPDCDLKR", 
        "3omu", 
        1
    ], 
    "84": [
        0.338457, 
        0.111, 
        0.073, 
        "RFAYASTSKAI", 
        "1ome", 
        2
    ], 
    "85": [
        0.213215, 
        0.163, 
        0.072, 
        "GGFSLKDVVKV", 
        "2b33", 
        11
    ], 
    "3": [
        0.304352, 
        0.064, 
        0.134, 
        "HNFVNEGVTKV", 
        "4dsd", 
        1
    ], 
    "7": [
        0.122235, 
        0.101, 
        0.122, 
        "FRGRLIGYDIH", 
        "1h64", 
        1
    ], 
    "100": [
        0.341177, 
        0.162, 
        0.07, 
        "IELYRYPEKWI", 
        "1sr8", 
        1
    ], 
    "39": [
        0.309002, 
        0.106, 
        0.09, 
        "TTIKPRKIEKI", 
        "1y44", 
        1
    ], 
    "38": [
        0.28325, 
        0.21, 
        0.092, 
        "NGTKVATKDQV", 
        "2vzt", 
        0
    ], 
    "33": [
        0.291511, 
        0.184, 
        0.094, 
        "KNTKYSDIKNM", 
        "1olp", 
        3
    ], 
    "32": [
        0.245361, 
        0.143, 
        0.095, 
        "RGDFPGTYVEF", 
        "3o5z", 
        1
    ], 
    "31": [
        0.1173, 
        0.131, 
        0.096, 
        "FSGVLRGFDEY", 
        "3pgg", 
        1
    ], 
    "30": [
        0.237168, 
        0.078, 
        0.096, 
        "VGLFPSNYVKL", 
        "3jv3", 
        1
    ], 
    "37": [
        0.28632, 
        0.119, 
        0.093, 
        "DEPLVLSNATI", 
        "3qhq", 
        1
    ], 
    "36": [
        0.271741, 
        0.072, 
        0.093, 
        "TRRTVIDVAKG", 
        "1r8a", 
        0
    ], 
    "35": [
        0.203345, 
        0.035, 
        0.093, 
        "RGTILAGKVAL", 
        "3ad9", 
        1
    ], 
    "34": [
        0.233297, 
        0.072, 
        0.093, 
        "MGDLLIDDKDN", 
        "2jar", 
        2
    ], 
    "60": [
        0.266414, 
        0.122, 
        0.079, 
        "IEVWCPDPSKN", 
        "4fmj", 
        2
    ], 
    "61": [
        0.06646494, 
        0.095, 
        0.079, 
        "GELKKIWDDNS", 
        "1wra", 
        6
    ], 
    "62": [
        0.302772, 
        0.203, 
        0.079, 
        "SVGPWGGSGGN", 
        "1zgs", 
        1
    ], 
    "63": [
        0.161532, 
        0.089, 
        0.079, 
        "GKKMAGHYGAE", 
        "3oh7", 
        1
    ], 
    "64": [
        0.124393, 
        0.141, 
        0.078, 
        "LLGRVKAFDRH", 
        "3s6n", 
        2
    ], 
    "65": [
        0.139402, 
        0.112, 
        0.078, 
        "GSKMMNGIGGS", 
        "4euc", 
        2
    ], 
    "66": [
        0.269254, 
        0.114, 
        0.078, 
        "GQKVPVGDPGR", 
        "1jlw", 
        11
    ], 
    "67": [
        0.29497, 
        0.129, 
        0.077, 
        "GQKVPVGDPGR", 
        "3g7i", 
        11
    ], 
    "68": [
        0.158298, 
        0.127, 
        0.077, 
        "VGRKIASVEGF", 
        "2bh5", 
        6
    ], 
    "69": [
        0.140298, 
        0.148, 
        0.077, 
        "PDNEVAQISDY", 
        "3m3r", 
        0
    ], 
    "2": [
        0.252039, 
        0.075, 
        0.137, 
        "KSDLVRGENDY", 
        "1uww", 
        2
    ], 
    "6": [
        0.148494, 
        0.114, 
        0.125, 
        "HSINISGFKSN", 
        "4dfu", 
        1
    ], 
    "99": [
        0.19102, 
        0.173, 
        0.07, 
        "GIEVLKDDKGT", 
        "1ksu", 
        1
    ], 
    "98": [
        0.250319, 
        0.097, 
        0.07, 
        "EGIIPANYVQK", 
        "1k9a", 
        1
    ], 
    "91": [
        0.249348, 
        0.102, 
        0.071, 
        "LAQRPKFTEKG", 
        "1dwo", 
        2
    ], 
    "90": [
        0.228379, 
        0.155, 
        0.072, 
        "HYFVRGGMPSG", 
        "3ddk", 
        1
    ], 
    "93": [
        0.198206, 
        0.126, 
        0.071, 
        "TGYIPSNYVAP", 
        "1fmk", 
        1
    ], 
    "92": [
        0.219907, 
        0.117, 
        0.071, 
        "EGYIPSNYVAR", 
        "3rea", 
        1
    ], 
    "95": [
        0.325839, 
        0.049, 
        0.071, 
        "DSLKQPSASGW", 
        "3cmg", 
        1
    ], 
    "94": [
        0.204906, 
        0.1, 
        0.071, 
        "EGIFPANYVEL", 
        "1oot", 
        1
    ],